x,y;z;a;
28.390;12.979;-1.267;31.242
9.955;11.581;1.414;15.337
15.931;1.765;-2.235;16.183
7.810;-1.060;-2.196;8.182
8.260;0.893;-2.589;8.702
12.502;0.874;2.372;12.755
10.328;2.023;0.217;10.527
12.253;1.966;-2.283;12.618
6.785;-0.917;-2.311;7.226
8.471;3.469;-0.999;9.208
11.439;1.171;4.345;12.293
10.060;0.769;-0.204;10.092
10.903;0.702;-3.116;11.361
7.695;1.037;-2.560;8.176
7.120;0.893;-3.231;7.870
10.855;-0.610;-0.224;10.875
10.376;1.295;3.119;10.912
15.701;2.655;-3.710;16.350
8.911;0.596;-2.292;9.220
7.858;-0.773;-3.681;8.711
17.071;3.728;-0.300;17.475
9.304;4.982;2.812;10.922
15.615;2.109;-3.968;16.249
4.640;-0.026;-1.794;4.975
8.614;0.357;-2.541;8.988
14.456;3.498;2.008;15.008
14.763;19.539;-5.759;25.157
4.851;5.059;-2.579;7.468
6.498;3.498;-0.195;7.382
10.194;12.309;2.669;16.203
11.612;3.412;0.150;12.104
11.612;3.412;0.150;12.104
5.789;2.119;-0.980;6.242
11.516;3.862;-1.258;12.211
8.844;1.420;-1.880;9.153
8.911;1.401;-0.185;9.022
11.200;3.220;-0.319;11.658
8.068;2.780;-0.128;8.535
8.068;2.780;-0.128;8.535
8.068;2.780;-0.128;8.535
8.068;2.780;-0.128;8.535
8.068;2.780;-0.128;8.535
10.223;3.450;-1.220;10.858
8.394;3.297;-3.403;9.639
7.973;6.256;-0.769;10.163
7.341;2.033;-1.488;7.761
7.341;2.033;-1.488;7.761
7.341;2.033;-1.488;7.761
7.341;2.033;-1.488;7.761
7.341;2.033;-1.488;7.761
7.341;2.033;-1.488;7.761
7.341;2.033;-1.488;7.761
-3.587;24.059;-3.422;24.565
-2.457;1.305;3.195;4.237
-4.075;-2.478;7.476;8.868
12.330;1.908;17.532;21.518
-4.927;8.306;-0.109;9.658
-4.927;8.306;-0.109;9.658
-4.927;8.306;-0.109;9.658
-4.927;8.306;-0.109;9.658
-4.927;8.306;-0.109;9.658
-2.236;12.941;1.251;13.192
-1.346;10.843;-0.406;10.934
-1.911;11.581;1.088;11.788
-1.480;8.756;1.682;9.038
0.924;13.496;1.395;13.600
0.924;13.496;1.395;13.600
0.924;13.496;1.395;13.600
0.924;13.496;1.395;13.600
0.924;13.496;1.395;13.600
0.924;13.496;1.395;13.600
0.005;9.474;2.870;9.899
-0.177;9.005;3.454;9.646
-3.424;8.670;1.529;9.446
-2.677;7.271;2.190;8.052
-3.079;9.685;6.768;12.210
-2.725;9.733;7.476;12.571
-3.711;7.051;4.517;9.159
27.921;6.898;-3.480;28.970
7.551;11.629;2.812;14.148
20.106;4.657;-2.790;20.826
12.435;4.216;-4.399;13.848
-1.853;2.761;7.151;7.886
-2.294;0.414;5.733;6.189
-4.812;3.067;7.840;9.697
-7.523;7.290;5.187;11.690
-1.374;0.443;7.505;7.643
5.933;-0.313;2.420;6.415
27.586;9.570;-2.168;29.279
11.047;6.678;4.565;13.692
16.659;0.864;-5.108;17.446
5.894;-0.716;-3.757;7.027
7.666;1.755;0.839;7.909
12.876;5.097;-1.382;13.917
9.227;-0.007;3.751;9.960
9.179;4.810;-1.641;10.492
16.659;4.092;-2.972;17.410
10.022;-1.424;-1.670;10.260
9.265;0.721;-0.980;9.345
13.690;6.725;0.016;15.253
13.383;10.192;-0.022;16.823
12.847;2.215;-2.369;13.250
12.435;0.357;-3.298;12.870
8.633;2.042;-2.857;9.320
26.896;7.894;-2.915;28.182
10.874;13.563;7.859;19.078
22.797;1.295;-5.759;23.549
11.899;0.539;-7.148;13.891
3.596;-1.128;-2.455;4.498
25.374;6.323;-0.760;26.161
10.673;10.786;0.150;15.175
16.908;2.253;-4.227;17.573
5.540;-4.719;-4.955;8.804
15.337;6.927;-6.008;17.869
6.718;5.940;-1.315;9.064
9.763;1.382;-10.049;14.079
8.384;1.228;-5.366;10.030
2.610;2.081;-8.010;8.677
7.580;-2.784;-6.889;10.614
9.543;0.491;-2.675;9.923
8.758;-2.669;-10.816;14.170
4.123;-0.390;-7.330;8.419
4.860;-0.103;-6.659;8.245
3.184;-2.114;-6.324;7.389
5.071;1.860;-5.922;8.015
8.499;-7.113;-15.987;19.453
1.288;-3.273;-9.618;10.241
2.485;-0.361;-7.320;7.739
6.814;-3.119;-4.026;8.507
5.531;-1.338;-4.897;7.507
37.306;24.893;13.577;46.859
4.247;3.086;2.017;5.624
20.164;3.469;-5.242;21.121
4.860;-0.831;-1.220;5.079
9.562;4.216;-2.053;10.650
9.275;5.911;0.935;11.038
12.119;2.828;-0.942;12.480
5.923;-0.313;-1.229;6.057
8.595;1.544;0.370;8.741
9.744;3.354;0.753;10.333
9.639;2.598;-0.147;9.984
8.068;3.536;-2.359;9.120
8.145;0.022;-0.099;8.146
8.461;4.619;-1.976;9.840
8.135;4.963;0.954;9.578
14.427;1.688;-3.422;14.923
7.628;0.424;-3.805;8.535
8.739;1.544;-1.689;9.033
5.674;2.349;1.127;6.244
7.321;1.449;0.763;7.502
8.260;3.144;0.016;8.838
12.052;2.387;-2.723;12.585
7.264;1.765;-1.612;7.647
11.449;1.880;-0.846;11.633
9.524;2.176;-0.358;9.776
8.796;1.621;-0.262;8.948
15.270;14.827;37.605;43.211
-2.562;-0.285;10.100;10.424
-2.332;0.912;11.154;11.431
1.757;2.416;-5.318;6.100
7.810;3.364;-0.406;8.513
7.839;2.301;-0.741;8.203
7.839;2.301;-0.741;8.203
7.839;2.301;-0.741;8.203
7.839;2.301;-0.741;8.203
7.839;2.301;-0.741;8.203
7.839;2.301;-0.741;8.203
7.839;2.301;-0.741;8.203
7.839;2.301;-0.741;8.203
7.839;2.301;-0.741;8.203
6.057;10.384;-4.715;12.913
12.569;-0.189;-0.549;12.583
5.808;3.776;1.136;7.020
11.047;8.200;3.674;14.240
9.524;5.002;-4.399;11.622
2.274;2.684;-3.422;4.908
4.343;5.423;-4.026;8.030
4.132;7.492;-3.815;9.368
3.069;7.310;-3.508;8.669
6.459;4.571;0.207;7.916
6.459;4.571;0.207;7.916
6.459;4.571;0.207;7.916
29.645;3.115;9.018;31.142
8.729;0.893;-1.813;8.960
7.082;3.900;-0.693;8.115
11.066;0.462;4.364;11.904
8.289;2.876;-0.348;8.780
10.290;-5.131;2.104;11.689
8.404;2.607;-0.281;8.803
5.502;3.929;-2.292;7.139
14.437;5.806;0.131;15.561
8.672;3.335;-1.670;9.440
9.888;0.510;0.744;9.929
8.576;3.192;0.590;9.170
7.484;4.197;0.495;8.595
11.133;-4.977;0.887;12.227
8.202;-0.467;0.504;8.231
9.064;1.238;0.859;9.189
9.064;4.561;-1.095;10.206
6.622;4.417;-1.785;8.158
10.415;3.575;1.577;11.123
10.903;5.490;2.132;12.392
2.159;8.363;-4.658;9.813
9.007;2.445;4.948;10.563
6.277;5.203;-0.990;8.213
6.651;5.270;-0.961;8.540
7.149;4.082;-2.570;8.624
5.186;1.966;-5.098;7.533
19.762;24.615;-4.035;31.823
1.547;9.350;-0.118;9.477
12.972;2.684;-1.440;13.324
7.819;8.095;-0.022;11.255
3.500;11.849;-3.135;12.747
-1.480;10.259;-5.041;11.526
-3.788;10.978;-2.378;11.854
-1.844;10.671;-0.377;10.836
6.220;1.104;2.132;6.667
2.437;-0.917;6.796;7.278
3.299;0.261;8.654;9.265
1.824;2.263;9.909;10.326
4.094;3.479;8.386;9.959
4.927;0.874;8.874;10.188
4.429;0.252;7.936;9.092
4.918;0.175;7.572;9.030
4.535;-0.246;7.601;8.854
4.343;1.975;8.683;9.907
3.692;1.190;9.267;10.046
2.677;0.328;8.884;9.284
2.265;-0.227;9.545;9.812
3.577;1.209;9.066;9.821
5.578;1.133;7.974;9.797
4.927;1.267;8.060;9.532
1.441;2.809;7.093;7.764
-2.141;15.440;2.793;15.836
27.078;5.318;-5.931;28.226
11.861;1.841;0.409;12.010
13.910;2.569;3.588;14.593
11.047;0.223;-1.986;11.226
8.193;1.583;-2.158;8.619
7.197;1.822;-0.300;7.430
9.811;3.556;1.539;10.549
8.988;3.517;4.986;10.863
10.127;3.977;-1.402;10.970
8.997;1.899;-2.283;9.475
8.576;1.180;-0.741;8.688
9.304;-0.802;4.038;10.174
10.740;5.011;4.268;12.597
8.978;2.991;-0.693;9.488
9.639;2.904;-2.761;10.439
7.455;3.709;-3.575;9.062
9.821;2.579;0.389;10.161
9.333;0.472;2.276;9.618
8.451;3.795;-0.568;9.282
7.906;3.038;2.669;8.880
8.222;1.851;-0.195;8.430
11.593;4.312;-1.890;12.512
11.775;1.334;-1.162;11.907
7.561;1.142;-1.066;7.721
12.560;1.602;-2.666;12.939
6.689;1.966;0.523;6.992
27.730;7.501;-2.350;28.822
9.294;4.504;-0.798;10.359
6.977;6.591;-0.386;9.606
7.685;-1.702;0.696;7.902
6.574;2.799;-0.501;7.163
11.123;1.822;0.112;11.272
6.977;0.481;-0.415;7.006
6.526;5.528;0.983;8.610
7.034;1.535;1.328;7.321
10.577;0.481;1.548;10.701
10.127;2.109;-0.434;10.354
6.680;1.133;-1.536;6.947
9.112;3.661;-0.109;9.821
7.446;-0.313;2.123;7.749
8.978;3.584;2.362;9.952
14.169;4.140;3.847;15.254
7.973;1.899;-2.225;8.492
8.260;-0.869;0.964;8.361
9.917;-0.151;6.748;11.996
6.584;3.795;4.124;8.646
9.467;3.058;3.349;10.497
8.997;-0.534;2.889;9.465
9.505;-0.428;-2.101;9.744
11.545;1.525;0.839;11.675
7.226;3.881;3.626;8.968
10.673;4.896;3.205;12.172
21.687;8.852;-10.624;25.720
17.396;-7.199;2.669;19.015
8.107;1.966;-0.942;8.395
7.331;1.008;1.701;7.593
9.246;2.598;1.510;9.722
7.992;2.320;0.284;8.327
7.436;2.828;-0.377;7.965
11.200;3.766;-1.220;11.879
11.372;9.417;-2.742;15.017
2.590;0.807;2.898;3.970
6.325;9.120;4.823;12.101
-1.834;5.940;8.539;10.563
7.599;-0.074;-2.407;7.972
1.077;13.439;-9.877;16.713
9.103;1.449;-0.712;9.245
5.138;3.469;-2.311;6.616
3.318;6.170;-3.882;8.009
8.059;6.362;-2.781;10.637
8.997;8.325;-2.024;12.424
-2.313;26.032;7.457;27.178
2.983;4.561;-3.690;6.582
-2.658;-7.611;5.503;9.761
-18.613;-19.343;12.073;29.433
-4.822;2.368;8.281;9.871
-0.034;-0.352;11.690;11.695
-4.669;-8.741;4.258;10.786
17.205;12.998;18.078;28.138
4.295;1.659;8.731;9.871
7.130;-2.124;7.725;10.725
-5.014;-3.407;0.227;6.066
7.522;-6.117;7.735;12.403
2.121;9.474;5.561;11.188
-3.012;5.241;10.531;12.143
4.218;8.047;7.390;11.712
-1.547;-0.036;5.934;6.133
3.596;8.986;5.810;11.288
13.604;7.721;6.135;16.803
7.264;1.803;4.622;8.797
8.337;1.142;5.321;9.956
5.396;4.868;5.111;8.884
4.228;8.076;-1.641;9.262
3.902;14.521;8.510;17.278
3.606;1.037;-2.694;4.619
-3.702;14.483;-8.393;17.143
-0.982;11.035;2.563;11.371
-1.413;0.472;0.954;1.769
13.393;2.186;-0.587;13.583
4.755;13.305;-5.414;15.131
7.206;6.113;-2.455;9.763
12.167;-2.449;-3.748;12.965
2.926;-0.256;-8.077;8.594
8.231;8.286;2.228;11.890
25.469;13.046;-19.147;34.431
3.280;-0.400;1.864;3.794
12.885;3.766;-4.313;14.100
9.773;2.445;1.069;10.131
10.501;3.441;3.080;11.471
8.911;2.636;-1.555;9.422
12.962;1.736;-2.646;13.343
7.187;1.420;-0.597;7.350
8.308;8.430;5.733;13.151
4.458;7.041;3.033;8.869
2.543;10.585;1.807;11.035
6.948;4.006;1.069;8.091
10.530;2.655;3.205;11.322
7.360;1.602;6.451;9.917
6.249;2.311;6.155;9.070
7.724;9.905;2.994;12.912
0.407;5.768;4.756;7.487
-0.302;8.047;-2.761;8.513
0.819;8.947;-5.807;10.698
0.618;8.057;-3.614;8.852
-0.398;8.966;-1.469;9.095
-0.618;9.215;-0.549;9.252
-0.465;8.641;-0.836;8.694
-0.465;9.493;-1.928;9.698
-0.484;8.057;-2.426;8.428
-0.541;8.765;-4.389;9.818
-0.886;-0.428;-0.884;1.323
6.574;8.057;-7.425;12.778
4.793;12.529;-6.075;14.726
3.079;8.382;-9.590;13.104
0.713;-3.244;-2.034;3.895
7.695;9.139;-4.571;12.792
4.573;9.292;-10.001;14.397
-0.551;3.479;-5.251;6.323
4.314;8.459;-5.041;10.751
0.110;7.310;-1.583;7.480
3.510;4.360;-3.604;6.657
6.680;10.164;-4.945;13.129
6.546;6.927;-6.094;11.312
8.423;4.619;-4.198;10.483
5.214;5.950;-2.972;8.451
4.065;8.593;-8.345;12.649
-0.618;9.014;0.792;9.070
2.954;1.133;-3.499;4.717
10.060;-0.888;-0.693;10.123
11.315;2.550;3.061;11.996
8.346;3.460;0.409;9.044
5.981;5.797;-4.370;9.406
12.129;10.087;-5.117;16.584
4.324;2.311;0.964;4.996
10.032;5.739;-2.350;11.794
10.300;7.645;-1.679;12.936
27.423;10.413;-1.995;29.401
6.938;6.237;-2.417;9.637
8.040;5.883;2.563;10.287
9.716;-0.831;0.332;9.757
14.475;5.911;-1.631;15.721
9.246;2.023;-1.976;9.669
8.854;2.598;-2.120;9.467
10.032;3.900;0.035;10.763
6.268;8.890;4.115;11.630
7.810;1.286;2.515;8.305
6.603;8.143;5.398;11.792
5.243;5.902;4.278;8.979
5.645;6.208;5.819;10.212
4.180;5.557;2.956;7.556
4.171;7.923;1.472;9.073
4.151;7.990;1.596;9.144
3.701;8.047;2.391;9.175
5.569;4.868;3.071;8.008
5.080;5.404;2.889;7.960
5.138;5.758;3.167;8.342
5.665;9.388;3.100;11.394
2.265;8.181;-2.005;8.722
3.625;7.760;0.954;8.618
4.276;7.932;1.759;9.181
4.391;7.702;1.979;9.084
5.396;7.013;2.324;9.149
26.810;-5.791;-0.022;27.429
11.248;4.906;-2.666;12.557
6.756;0.807;-1.813;7.042
8.940;1.985;0.083;9.158
9.323;5.097;2.286;10.868
9.553;3.929;-1.555;10.446
5.167;1.075;2.353;5.778
8.155;3.805;-5.213;10.399
7.417;1.774;-5.127;9.189
7.379;2.004;-6.650;10.133
8.672;-1.070;-4.686;9.915
5.550;-1.645;-7.885;9.781
8.969;1.094;-5.721;10.694
7.226;0.721;-7.655;10.551
2.025;5.241;-7.100;9.054
3.826;5.011;-7.559;9.843
2.083;1.803;-10.078;10.448
3.031;-1.779;-8.862;9.533
3.816;-1.041;-8.383;9.269
8.193;-2.966;-6.688;10.984
8.183;0.127;-5.280;9.740
5.837;-1.884;-6.171;8.700
5.071;-2.957;-7.895;9.838
10.664;-4.633;-7.818;14.011
4.314;0.395;-5.213;6.778
5.808;2.167;-6.190;8.760
22.548;9.675;-2.895;24.707
5.358;5.500;-1.756;7.876
11.305;5.950;2.621;13.041
16.563;3.307;-1.124;16.927
9.696;2.129;-1.708;10.073
7.475;-1.511;-1.133;7.709
18.181;5.222;-2.484;19.079
9.400;4.963;-1.344;10.714
17.214;-1.166;1.960;17.365
13.192;-1.568;-0.310;13.288
9.629;2.521;-2.828;10.348
8.432;-0.371;-1.765;8.623
12.636;2.330;-0.568;12.862
10.884;3.441;7.093;13.439
13.738;4.456;1.309;14.502
13.537;3.249;-2.733;14.187
9.313;0.328;-0.980;9.371
10.089;1.439;0.916;10.232
13.508;3.805;0.878;14.061
7.331;6.247;4.249;10.527
11.976;2.636;0.820;12.290
10.396;1.324;-1.603;10.601
7.168;0.548;-0.750;7.228
10.731;2.205;1.136;11.014
10.903;3.345;1.701;11.531
8.854;2.914;3.195;9.853
-7.609;16.197;-17.079;24.737
-2.648;5.289;-3.719;6.987
-2.437;9.139;-3.010;9.926
-3.002;8.737;-2.522;9.576
-2.993;8.401;-2.819;9.353
-3.012;8.488;-3.039;9.505
-2.916;8.373;-2.905;9.330
-2.878;8.497;-2.838;9.410
-2.993;8.459;-2.953;9.446
-3.012;8.449;-2.867;9.417
-3.022;8.497;-2.809;9.446
-2.964;8.478;-2.781;9.402
-2.945;8.468;-2.781;9.387
-2.897;8.603;-2.819;9.505
-3.089;8.459;-2.685;9.397
-3.041;8.478;-2.646;9.388
-2.955;8.507;-2.694;9.400
-3.117;8.478;-2.733;9.437
-2.955;8.583;-2.733;9.480
-2.955;8.583;-2.733;9.480
-2.955;8.583;-2.733;9.480
-2.955;8.583;-2.733;9.480
-2.955;8.583;-2.733;9.480
-2.955;8.583;-2.733;9.480
-2.955;8.583;-2.733;9.480
-2.955;8.583;-2.733;9.480
21.572;14.444;0.140;25.961
12.215;5.576;2.506;13.660
9.227;2.387;-3.039;10.004
6.239;2.713;-1.804;7.038
8.030;4.015;0.265;8.982
8.260;2.215;1.232;8.640
10.127;1.602;-3.030;10.691
6.239;1.975;0.265;6.550
9.093;0.089;2.879;9.538
9.687;1.698;0.868;9.873
7.446;3.450;-0.817;8.247
10.127;2.971;-2.560;10.860
9.016;2.311;0.140;9.309
7.101;0.568;4.230;8.285
6.057;5.270;3.282;8.673
7.503;4.896;2.037;9.188
9.687;0.989;1.443;9.844
8.260;1.956;-1.402;8.603
8.586;0.644;4.067;9.522
7.762;1.248;4.699;9.159
7.800;1.525;4.000;8.898
6.986;5.059;3.990;9.504
3.778;6.611;5.886;9.624
3.194;5.691;6.911;9.505
-2.016;6.735;7.017;9.933
0.522;5.394;7.400;9.172
-4.286;23.954;15.377;28.786
1.642;4.015;7.831;8.952
3.194;2.923;8.357;9.412
2.648;2.560;8.654;9.405
2.361;3.757;8.386;9.487
2.514;4.015;8.118;9.399
2.610;3.603;8.300;9.417
2.159;3.623;8.166;9.191
2.198;3.996;8.233;9.412
1.786;2.722;8.348;8.960
2.016;4.092;8.175;9.362
2.428;4.044;8.367;9.605
2.159;3.623;8.376;9.378
1.882;3.421;8.348;9.216
2.198;3.594;8.309;9.316
2.045;3.939;8.309;9.420
1.997;3.785;8.357;9.389
2.112;3.565;8.367;9.337
2.006;3.718;8.367;9.373
1.863;3.891;8.252;9.311
2.198;3.737;8.367;9.424
2.112;3.910;8.453;9.550
1.997;3.939;8.386;9.478
2.121;3.795;8.300;9.370
1.910;3.986;8.281;9.387
1.920;3.852;8.386;9.426
35.305;13.037;-3.872;37.834
9.850;4.724;1.280;10.999
14.073;7.041;3.224;16.063
12.320;0.366;-0.587;12.340
5.655;1.554;-1.306;6.008
12.158;6.534;2.238;13.982
9.811;2.473;5.092;11.327
14.542;1.171;1.136;14.634
9.706;1.564;-1.287;9.915
5.722;1.947;-2.350;6.485
12.723;7.999;-1.085;15.068
6.153;2.473;-0.501;6.650
14.906;1.870;-0.300;15.026
9.237;1.650;-3.729;10.097
7.168;0.711;-1.536;7.365
8.997;4.015;0.964;9.900
6.277;4.101;1.998;7.760
6.354;0.280;2.286;6.758
18.105;5.720;-4.409;19.492
4.985;2.713;-0.109;5.676
7.034;2.464;0.801;7.496
17.454;4.398;0.964;18.025
4.860;1.018;1.922;5.324
8.241;0.271;-0.827;8.287
6.526;3.010;0.217;7.190
7.666;1.640;-0.176;7.842
24.799;21.033;2.793;32.637
25.738;7.788;-4.485;27.262
2.437;-7.994;-2.225;8.649
28.879;5.126;-5.816;29.901
7.896;4.810;4.086;10.108
12.052;-5.246;-0.329;13.148
7.915;-3.780;-3.633;9.494
6.900;2.234;-1.018;7.324
13.757;0.529;-1.583;13.858
7.628;1.295;1.902;7.968
14.351;3.575;-1.315;14.848
8.327;2.531;-1.698;8.867
6.766;1.190;-0.003;6.870
9.974;5.346;1.433;11.407
7.369;2.579;1.625;7.975
12.024;0.280;2.017;12.195
8.700;2.033;0.418;8.945
9.419;1.171;-0.932;9.537
8.356;2.550;-0.798;8.772
9.227;2.349;0.705;9.548
11.717;6.754;4.009;14.106
13.412;7.894;-0.492;15.571
6.546;0.836;-0.635;6.629
1.939;11.983;-1.986;12.300
0.761;8.775;-0.779;8.842
1.211;2.933;7.007;7.692
-1.125;1.066;-1.191;1.954
10.692;35.504;5.341;37.462
3.558;15.134;3.176;15.868
5.770;5.308;1.098;7.917
4.448;3.067;4.756;7.198
5.732;4.015;4.105;8.113
6.172;5.509;6.289;10.392
3.433;6.180;6.768;9.786
0.522;5.433;6.566;8.538
1.231;4.925;7.160;8.777
4.946;3.125;8.855;10.613
-0.455;4.379;8.932;9.958
0.445;4.149;8.788;9.729
0.445;8.622;7.400;11.370
15.605;17.892;12.456;26.811
8.231;7.559;6.126;12.744
5.760;-1.003;3.138;6.636
9.026;3.335;1.318;9.712
7.704;6.649;-0.348;10.183
6.641;8.603;3.071;11.293
2.514;6.678;7.457;10.321
-0.857;9.608;5.427;11.068
-4.008;1.765;7.026;8.279
-5.607;3.661;4.316;7.967
-5.330;5.212;5.197;9.087
-7.513;6.974;0.341;10.257
-5.109;7.271;3.578;9.580
-4.458;4.580;4.220;7.659
-4.123;8.143;2.410;9.440
-4.142;8.449;1.060;9.469
-4.152;7.252;2.209;8.643
-2.648;8.641;-0.195;9.040
-1.863;10.154;-0.655;10.344
1.116;9.464;0.983;9.581
2.772;8.880;2.448;9.620
3.471;9.033;2.851;10.089
5.588;1.420;6.298;8.539
3.797;4.839;5.944;8.553
6.996;6.965;4.479;10.840
1.690;8.535;2.678;9.104
6.622;24.127;6.653;25.888
5.760;2.876;-12.501;14.062
8.356;4.896;-3.125;10.176
5.655;6.630;-3.815;9.512
5.847;6.668;-2.876;9.323
5.052;6.055;-0.683;7.915
4.353;6.256;-0.501;7.638
6.718;7.875;1.088;10.408
6.249;7.358;-1.708;9.803
5.128;7.721;0.686;9.295
4.793;9.244;1.491;10.519
5.569;5.318;2.611;8.131
6.814;7.693;2.257;10.521
5.837;5.729;2.448;8.538
6.670;7.310;1.749;10.049
5.368;6.946;1.788;8.958
4.994;6.400;2.142;8.396
6.756;5.739;1.175;8.942
6.277;6.534;1.950;9.268
7.092;5.883;1.424;9.323
7.944;5.682;0.945;9.812
6.890;6.812;2.956;10.130
6.728;6.984;2.937;10.132
10.788;5.433;12.964;17.719
4.343;6.792;3.981;8.991
11.162;4.810;5.561;13.366
37.306;-8.224;10.081;39.510
7.341;0.414;3.827;8.289
7.331;3.651;-0.501;8.205
7.695;-1.128;3.856;8.681
9.055;2.176;0.600;9.332
7.858;1.631;6.442;10.291
6.957;0.577;5.513;8.896
6.249;2.473;6.116;9.087
5.971;1.592;6.260;8.796
6.258;2.416;6.270;9.182
6.354;2.071;6.126;9.066
6.431;2.109;6.193;9.174
6.450;2.167;6.289;9.265
7.379;1.382;6.107;9.677
10.884;1.908;7.716;13.477
2.562;-2.957;2.027;4.406
4.458;16.139;-1.890;16.850
8.892;4.753;-1.478;10.190
9.974;2.378;-2.541;10.564
8.921;2.703;-3.690;10.025
10.252;3.316;-2.656;11.097
8.088;4.599;-0.540;9.320
8.078;5.308;3.827;10.396
2.993;5.643;1.452;6.551
3.663;6.955;3.023;8.422
3.213;7.635;1.366;8.396
22.577;-12.524;3.559;26.062
5.205;4.226;5.791;8.859
5.483;6.103;6.538;10.490
4.697;3.086;-0.147;5.622
3.251;7.310;-0.310;8.006
5.799;5.212;6.432;10.108
6.526;-0.227;4.163;7.744
5.339;4.034;7.965;10.403
6.038;2.119;4.603;7.883
7.446;2.454;8.348;11.452
6.584;5.289;3.100;8.996
6.325;6.802;3.598;9.961
6.526;2.205;4.220;8.079
9.007;2.588;5.800;11.021
7.159;-1.204;5.427;9.063
4.707;-2.104;4.431;6.798
6.009;-2.401;5.120;8.252
6.804;1.008;5.532;8.827
6.249;5.021;6.739;10.472
6.680;6.074;5.360;10.500
7.072;4.954;3.540;9.332
7.417;3.910;3.483;9.079
5.866;3.690;3.962;7.982
6.057;7.664;3.396;10.342
5.463;6.591;1.970;8.785
5.511;8.239;-0.022;9.912
2.092;24.404;-4.409;24.887
2.753;12.807;8.319;15.518
5.138;4.973;1.788;7.370
0.991;0.941;7.208;7.336
-2.533;13.400;5.159;14.581
1.374;1.611;4.948;5.382
3.194;0.347;7.093;7.787
4.123;4.858;4.076;7.564
4.439;5.864;4.488;8.616
-1.690;15.555;1.136;15.688
-3.309;5.662;1.424;6.711
3.807;9.800;3.971;11.238
4.946;6.601;3.205;8.849
3.510;8.392;3.205;9.644
2.638;8.315;1.989;8.948
4.180;5.136;4.172;7.827
8.863;5.327;5.159;11.556
7.360;2.799;4.105;8.880
2.562;9.110;6.317;11.378
3.002;6.572;8.396;11.077
3.835;-1.501;15.559;16.095
5.444;1.669;0.351;5.705
8.566;5.998;3.607;11.062
2.590;3.805;3.847;5.998
4.649;7.721;4.086;9.896
0.962;6.563;5.216;8.438
1.690;32.094;12.485;34.479
1.997;10.326;3.080;10.959
-0.043;8.382;3.550;9.103
-1.834;12.481;-4.389;13.357
-2.591;4.140;3.176;5.826
-0.924;14.435;2.898;14.752
-0.761;6.879;2.851;7.485
1.068;8.804;6.442;10.961
0.273;8.162;3.396;8.845
0.464;7.128;4.718;8.560
-0.139;8.449;4.632;9.637
0.407;8.009;4.574;9.232
0.665;7.942;5.149;9.488
0.905;8.037;4.756;9.383
-0.196;8.756;3.837;9.562
0.081;8.526;4.373;9.582
0.311;8.124;4.536;9.310
1.049;7.415;6.097;9.657
1.882;5.940;6.988;9.362
1.441;6.457;4.938;8.256
0.962;3.919;3.215;5.160
1.508;11.198;-0.875;11.333
2.255;9.273;-0.032;9.543
3.222;8.583;-0.358;9.175
3.807;7.271;-1.622;8.366
4.190;8.191;-2.436;9.517
-0.014;0.501;-1.239;1.336
9.984;1.152;3.291;10.575
7.839;7.520;2.094;11.063
3.299;8.545;-2.752;9.564
5.061;5.806;-1.191;7.794
4.755;9.215;3.080;10.818
5.559;6.754;2.726;9.163
5.301;8.219;1.950;9.973
3.424;-0.266;-0.291;3.446
2.485;7.884;-3.796;9.096
6.919;4.216;-0.386;8.112
4.889;10.135;-0.635;11.270
4.429;6.074;-1.679;7.703
4.037;5.519;-1.488;6.997
6.086;6.860;-1.287;9.260
5.090;6.189;-1.373;8.130
8.576;7.358;-2.579;11.590
6.220;7.425;-1.497;9.801
6.297;6.323;0.351;8.931
4.506;4.370;0.859;6.335
4.506;7.185;1.768;8.663
8.298;5.691;4.153;10.886
2.217;6.802;-0.817;7.201
11.267;11.686;2.621;16.443
6.459;4.216;3.377;8.421
4.132;2.301;3.693;6.001
17.789;-7.707;20.309;28.077
7.637;3.268;-0.453;8.320
9.304;0.031;5.130;10.624
2.744;5.241;0.523;5.939
7.839;2.809;3.904;9.196
13.738;-2.459;11.834;18.298
7.733;1.506;0.418;7.890
7.532;3.297;2.391;8.563
7.618;3.594;3.071;8.966
7.254;4.743;0.907;8.715
8.040;3.421;2.573;9.108
2.906;3.872;-0.865;4.918
7.733;3.383;4.661;9.642
5.894;9.445;0.571;11.148
7.590;2.004;1.443;7.981
7.637;6.266;3.952;10.640
7.197;2.090;3.100;8.110
7.369;7.856;2.985;11.177
5.722;5.442;1.443;8.027
7.044;6.840;3.147;10.311
6.201;6.409;1.625;9.065
8.040;3.125;3.234;9.212
7.724;3.201;2.027;8.603
7.494;4.370;-0.147;8.676
5.463;4.197;-0.971;6.958
7.226;7.137;2.286;10.410
13.958;-18.002;-12.817;26.138
-2.045;-8.454;-7.837;11.708
4.017;-5.648;-3.336;7.692
3.433;-6.510;-7.923;10.814
2.476;-6.232;-6.918;9.634
2.514;-6.021;-7.301;9.792
2.590;-6.060;-7.148;9.722
2.428;-5.964;-6.927;9.458
2.361;-5.983;-6.889;9.425
2.265;-5.858;-6.793;9.252
2.380;-5.897;-6.879;9.368
2.294;-5.926;-6.765;9.281
2.198;-6.012;-6.908;9.418
2.284;-5.945;-6.803;9.318
2.236;-5.906;-6.870;9.332
2.227;-6.021;-6.812;9.361
2.236;-5.973;-6.774;9.304
2.284;-6.002;-6.899;9.425
2.274;-5.878;-6.822;9.288
2.265;-5.964;-6.812;9.333
2.313;-5.916;-6.784;9.293
2.274;-5.916;-6.784;9.284
2.236;-5.973;-6.832;9.346
2.207;-6.002;-6.745;9.295
2.303;-5.906;-6.851;9.334
2.227;-5.993;-6.765;9.307
-8.576;30.687;3.492;32.053
-6.460;7.338;0.907;9.818
-6.220;7.425;-0.204;9.688
-6.287;7.607;0.284;9.873
-6.728;4.561;-0.396;8.138
-7.159;9.225;-2.503;11.942
-6.278;7.185;-1.651;9.683
-6.326;7.539;-2.445;10.141
-5.751;7.329;-1.689;9.468
-5.770;7.616;-1.832;9.729
-5.895;7.712;-1.402;9.807
-5.741;7.539;-1.402;9.580
-5.923;7.626;-1.440;9.763
-5.694;7.645;-1.354;9.628
-5.741;7.539;-1.315;9.568
-5.885;7.434;-1.344;9.576
-5.828;7.501;-1.459;9.610
-5.761;7.348;-1.402;9.441
-5.866;7.453;-1.526;9.607
-5.828;7.425;-1.459;9.551
-5.875;7.425;-1.564;9.596
-5.923;7.396;-1.612;9.612
-5.875;7.425;-1.478;9.583
-5.808;7.434;-1.583;9.566
-5.818;7.559;-1.497;9.655
-5.837;7.530;-1.612;9.663
6.948;-15.263;37.605;41.175
-0.043;-2.641;4.756;5.440
-1.805;-17.255;-2.838;17.580
3.855;-13.788;-0.808;14.339
0.302;-9.862;10.857;14.670
1.441;-23.556;7.754;24.842
-5.483;6.342;-5.769;10.177
-6.402;-4.910;4.737;9.356
-0.445;-3.723;13.318;13.836
2.131;-5.791;6.442;8.921
7.206;-5.849;3.732;10.003
6.699;-8.291;3.329;11.167
4.745;6.457;0.514;8.030
13.498;1.841;8.664;16.145
9.026;1.918;3.301;9.800
10.415;0.558;11.269;15.354
5.665;-2.727;3.109;7.014
5.483;-2.899;7.141;9.458
5.483;-2.899;7.141;9.458
5.483;-2.899;7.141;9.458
5.483;-2.899;7.141;9.458
5.483;-2.899;7.141;9.458
5.387;-3.244;7.064;9.458
5.071;-3.187;7.093;9.283
5.205;-3.091;7.141;9.362
5.425;-3.129;6.921;9.334
15.280;-36.504;19.553;44.140
2.418;19.894;-7.358;21.348
2.313;3.910;6.700;8.095
-1.317;10.489;-1.526;10.681
1.183;12.654;3.962;13.312
1.451;9.685;0.581;9.810
-1.422;3.335;2.151;4.216
-5.330;10.317;-1.191;11.673
0.551;11.179;0.514;11.204
1.432;7.530;4.594;8.936
0.503;6.371;2.582;6.893
1.556;5.337;3.387;6.510
6.038;5.662;3.990;9.189
10.032;3.460;3.645;11.220
9.878;2.483;1.902;10.362
12.024;5.059;0.169;13.046
6.029;6.869;4.680;10.268
5.875;8.488;-3.221;10.814
1.566;9.982;-3.422;10.667
10.740;28.359;-7.713;31.291
2.725;8.057;0.686;8.532
4.784;10.853;-7.828;14.211
2.217;5.567;1.519;6.182
10.616;-4.384;4.009;12.165
3.155;9.713;2.065;10.420
5.521;8.890;2.975;10.879
-6.747;38.109;12.360;40.627
-6.785;10.776;-3.547;13.219
-2.859;10.432;0.198;10.818
-6.469;13.793;0.217;15.236
-4.046;6.687;-1.153;7.901
-4.324;6.476;-0.578;7.809
-4.362;9.120;0.945;10.153
-4.276;10.413;1.883;11.413
-1.690;8.564;1.069;8.795
-5.052;10.776;5.973;13.316
-3.395;8.200;3.674;9.606
-8.078;-2.622;1.117;8.566
-3.022;2.943;13.672;14.308
-3.328;6.122;5.676;8.987
-3.433;5.921;5.791;8.965
-3.979;8.737;7.783;12.358
-5.799;4.398;6.404;9.694
-4.152;1.880;4.795;6.615
-8.519;7.683;0.801;11.500
-2.667;7.674;5.226;9.659
-6.632;7.875;0.112;10.296
-4.056;8.880;-0.741;9.791
-1.461;7.875;-1.995;8.254
0.962;7.051;-4.370;8.351
2.495;6.965;-5.807;9.405
2.811;7.089;-5.644;9.488
1.489;1.180;-0.406;1.943
8.423;20.612;4.910;22.801
8.672;2.234;-1.287;9.047
8.672;2.234;-1.287;9.047
8.672;2.234;-1.287;9.047
8.672;2.234;-1.287;9.047
8.672;2.234;-1.287;9.047
8.672;2.234;-1.287;9.047
8.672;2.234;-1.287;9.047
8.490;1.726;-0.482;8.677
9.898;5.145;3.186;11.601
9.534;2.033;0.993;9.798
8.020;3.278;0.935;8.715
8.605;-0.064;1.165;8.683
15.232;26.578;6.088;31.232
9.907;12.893;1.481;16.327
3.175;10.144;-3.355;11.146
1.049;6.812;-1.603;7.076
-1.183;-5.926;-1.162;6.153
-0.206;-6.835;-2.101;7.154
6.297;1.420;2.477;6.914
6.670;10.135;0.571;12.146
5.291;4.858;-1.478;7.334
6.967;6.697;-1.469;9.775
7.637;4.839;0.792;9.076
6.115;7.942;-0.904;10.064
3.893;7.396;-1.976;8.588
3.653;6.955;-2.656;8.293
5.463;8.152;-3.317;10.359
3.165;3.680;-2.005;5.252
7.475;2.742;0.102;7.962
7.302;6.639;0.179;9.871
7.982;7.760;-2.043;11.318
3.998;3.536;1.673;5.594
5.100;8.286;3.569;10.364
4.343;5.940;0.322;7.366
3.261;11.523;-2.493;12.233
6.708;5.662;-2.129;9.033
8.691;5.557;-3.920;11.035
5.952;8.162;-1.545;10.219
27.461;15.680;-14.704;34.874
0.857;-1.817;6.519;6.821
0.857;-1.817;6.519;6.821
0.857;-1.817;6.519;6.821
0.857;-1.817;6.519;6.821
0.857;-1.817;6.519;6.821
4.841;0.836;2.027;5.314
2.926;5.423;1.088;6.257
9.687;6.917;-8.536;14.647
10.635;3.163;-2.982;11.489
7.752;7.300;-3.738;11.286
3.998;9.589;4.641;11.379
3.117;6.974;-0.453;7.653
7.551;0.568;0.782;7.613
6.364;10.738;4.230;13.179
-2.303;11.677;-0.492;11.912
-0.330;8.334;2.707;8.769
-0.330;8.334;2.707;8.769
-0.330;8.334;2.707;8.769
-0.330;8.334;2.707;8.769
-0.330;8.334;2.707;8.769
-0.292;8.650;2.582;9.032
0.407;8.957;1.826;9.150
2.600;7.472;1.989;8.158
3.606;8.756;0.188;9.471
3.222;9.426;0.543;9.977
30.967;17.241;-2.148;35.508
7.915;7.702;5.408;12.297
13.757;3.010;-0.099;14.083
8.030;1.075;-1.871;8.315
8.164;1.066;-1.536;8.375
12.234;3.996;0.073;12.871
9.074;4.475;3.588;10.735
14.083;3.603;-0.846;14.561
10.913;1.410;-1.344;11.085
5.923;0.587;-0.501;5.973
9.333;4.379;0.897;10.348
7.676;2.971;1.692;8.403
11.190;1.678;0.571;11.330
12.320;1.822;-0.693;12.474
5.894;0.625;-0.923;5.999
12.186;3.814;-0.894;12.801
7.398;3.498;0.811;8.223
10.214;2.244;2.142;10.674
11.104;2.636;-0.559;11.427
6.354;1.458;-0.779;6.566
11.200;2.742;-1.670;11.651
9.112;0.405;-0.252;9.125
8.662;2.320;1.539;9.098
12.359;5.883;-0.674;13.704
7.685;1.995;-0.626;7.965
8.978;2.464;-2.254;9.579
2.322;3.718;26.457;26.818
3.060;4.350;8.625;10.133
3.050;0.357;9.564;10.045
1.441;-2.689;12.293;12.666
3.615;1.535;6.681;7.750
-1.164;0.127;5.494;5.617
-0.532;6.141;6.490;8.951
1.480;0.577;9.325;9.459
-5.167;1.075;7.677;9.316
-3.251;2.186;8.204;9.092
-4.956;3.048;7.821;9.748
-4.592;2.627;8.233;9.786
-3.194;1.698;9.315;9.993
-3.079;1.592;8.874;9.527
-3.587;2.493;8.587;9.634
-2.983;1.621;8.740;9.377
-2.993;2.109;8.779;9.512
-2.859;2.378;8.731;9.490
-2.993;2.224;8.625;9.397
-2.897;2.263;8.894;9.623
-3.117;2.176;8.683;9.479
-3.031;3.431;8.434;9.596
-4.152;1.161;9.803;10.709
-3.232;1.746;8.453;9.217
-2.907;1.918;9.018;9.667
-2.686;2.828;8.587;9.431
22.960;14.253;-0.999;27.043
5.396;6.936;4.124;9.708
12.847;3.747;0.102;13.383
10.874;1.631;-2.369;11.248
8.835;0.395;-1.057;8.906
9.629;2.454;1.452;10.043
11.918;4.484;5.206;13.757
15.452;4.063;-0.080;15.978
13.345;1.027;-1.641;13.485
6.785;0.175;-0.827;6.838
10.357;2.636;-0.137;10.688
9.045;1.477;1.337;9.262
8.729;3.508;3.617;10.079
11.755;2.129;-0.434;11.954
8.365;1.334;-1.105;8.543
10.079;1.008;-0.702;10.154
9.716;4.092;3.004;10.962
9.965;3.565;3.636;11.190
13.700;1.104;-0.674;13.760
7.551;0.424;-0.827;7.608
7.302;2.349;-0.118;7.672
9.658;2.282;-0.118;9.925
10.175;0.050;0.476;10.186
8.107;0.807;-0.157;8.148
8.174;1.860;2.228;8.674
9.514;2.483;1.270;9.915
9.629;26.463;10.368;30.009
0.436;7.827;5.216;9.416
-0.168;5.615;5.101;7.588
0.397;4.494;6.700;8.078
0.148;4.561;6.720;8.123
4.726;5.653;5.590;9.248
-0.474;9.033;0.590;9.065
5.578;11.610;0.207;12.882
2.274;10.422;-2.867;11.046
4.716;9.512;0.073;10.618
4.908;2.703;-4.399;7.124
9.352;5.653;1.117;10.984
8.825;6.792;1.558;11.245
8.365;2.397;2.544;9.066
6.680;4.504;2.956;8.581
8.404;4.504;3.282;10.083
7.944;4.552;3.023;9.642
6.373;4.312;5.532;9.477
6.967;3.421;5.446;9.482
5.100;7.051;2.717;9.116
4.420;6.400;2.611;8.204
8.940;3.833;4.929;10.904
8.174;3.374;1.979;9.061
9.064;3.996;-1.220;9.981
9.265;3.354;-0.693;9.878
9.313;3.153;2.726;10.204
2.466;-38.142;8.884;39.240
-1.231;-13.625;4.756;14.484
6.507;-9.747;7.763;14.058
2.169;-0.381;9.286;9.544
2.543;-2.334;7.275;8.052
-1.068;9.426;5.197;10.817
2.734;10.470;7.486;13.158
-5.416;5.155;4.881;8.929
-2.131;2.502;3.349;4.692
0.282;9.943;3.799;10.648
0.685;10.480;3.406;11.040
2.648;-2.641;4.354;5.740
-5.732;-4.125;9.631;11.943
-3.462;-0.697;13.634;14.084
-0.177;-5.667;-0.865;5.735
-4.362;4.101;9.545;11.267
-1.882;8.717;-5.950;10.721
-3.462;8.440;-4.131;10.014
-1.422;-3.005;4.488;5.585
-4.630;11.389;-11.007;16.502
-15.778;18.313;-12.415;27.174
-4.707;7.204;4.459;9.693
4.123;30.610;-1.516;30.924
-0.675;11.418;-0.310;11.442
-3.175;17.423;4.680;18.318
1.681;4.954;-0.013;5.231
-26.102;6.055;-5.539;27.361
-8.365;2.023;2.582;8.986
6.268;4.417;10.943;13.362
4.238;-2.363;2.410;5.418
3.290;1.621;2.180;4.266
14.169;5.797;6.787;16.746
20.106;2.081;8.443;21.906
10.874;-3.436;-4.629;12.308
4.343;2.100;0.160;4.827
4.602;14.588;4.029;15.818
8.088;0.424;1.088;8.171
7.714;1.822;0.322;7.933
9.591;4.552;1.625;10.740
6.814;1.688;-2.062;7.316
9.093;0.338;-4.217;10.029
7.791;1.458;-5.529;9.664
11.516;3.029;-4.006;12.564
0.598;6.946;-8.191;10.756
18.028;7.683;-3.690;19.942
3.146;8.564;-0.118;9.124
4.889;7.358;-0.444;8.845
4.467;10.202;-2.053;11.325
7.120;-0.505;-0.702;7.173
8.576;11.437;1.098;14.337
6.967;7.204;1.529;10.138
7.034;3.393;-2.101;8.087
0.416;1.793;-0.099;1.844
12.742;4.054;-0.990;13.408
8.212;1.678;-0.683;8.410
10.319;1.611;1.577;10.562
8.145;2.770;3.492;9.285
9.591;3.613;-2.781;10.620
4.238;7.990;-0.693;9.070
11.305;3.651;-3.116;12.282
5.808;5.404;-6.132;10.027
6.565;1.066;-6.381;9.217
5.013;-1.626;-6.966;8.735
5.301;4.580;-6.372;9.470
4.314;6.831;-1.267;8.178
9.744;2.071;-1.220;10.036
6.603;5.605;-3.872;9.487
6.364;3.843;-3.384;8.168
7.848;4.781;-2.819;9.612
6.890;5.864;-2.254;9.324
7.590;5.701;-1.210;9.569
9.285;3.038;-2.177;10.009
7.341;6.735;-0.712;9.988
1.767;3.393;0.619;3.875
2.954;7.626;1.500;8.314
3.108;9.627;4.536;11.087
3.414;8.392;1.069;9.123
2.447;7.654;-1.114;8.113
-5.205;-27.301;17.225;32.698
1.307;-1.951;0.485;2.398
-10.348;16.647;6.700;20.715
1.939;10.259;11.518;15.546
-4.908;5.002;6.863;9.809
-5.866;2.100;10.962;12.609
-6.871;1.966;8.683;11.246
-0.206;2.253;11.087;11.315
-4.698;5.375;5.513;9.019
-0.972;5.030;9.076;10.422
3.050;9.321;2.400;10.097
-0.196;8.842;-0.109;8.845
2.112;8.344;4.029;9.503
3.021;4.695;4.536;7.194
5.981;-7.621;5.245;11.016
2.926;2.828;5.302;6.683
5.396;1.439;8.118;9.854
1.767;2.205;9.296;9.716
1.240;5.030;7.945;9.485
0.646;5.241;8.970;10.409
0.330;4.513;5.762;7.327
0.273;5.576;7.055;8.997
5.186;3.268;13.557;14.879
0.579;12.433;7.850;14.715
2.820;4.609;8.597;10.154
1.604;2.703;2.477;4.002
21.696;38.329;2.400;44.109
-4.257;7.482;8.137;11.845
-2.543;-0.323;-1.651;3.049
5.703;6.237;2.975;8.960
19.312;-3.905;11.048;22.589
14.006;3.249;4.613;15.100
-4.812;-3.368;-0.865;5.938
0.388;2.828;-1.890;3.423
-4.200;15.000;-7.741;17.394
-4.123;7.051;7.878;11.348
0.378;-2.009;2.611;3.316
7.685;6.821;4.469;11.206
0.522;11.025;0.533;11.051
1.470;-6.031;8.281;10.349
-1.346;10.432;-2.101;10.726
0.005;8.210;1.404;8.329
0.733;9.828;0.447;9.866
-0.158;13.151;4.105;13.778
-1.192;5.911;2.860;6.674
-4.353;10.326;2.879;11.570
-5.923;5.701;4.086;9.180
-0.024;8.468;11.872;14.583
3.730;7.147;0.447;8.074
-10.501;9.589;-18.458;23.300
5.866;32.679;-2.034;33.263
1.317;5.404;-0.358;5.573
15.155;16.953;10.742;25.149
5.760;7.539;1.615;9.625
8.279;5.538;1.816;10.125
9.773;-0.218;3.435;10.361
8.911;5.279;-0.386;10.365
6.584;5.433;-0.645;8.560
7.752;8.813;0.035;11.738
5.253;5.490;0.581;7.620
4.266;7.099;1.922;8.502
1.681;10.518;-2.752;11.001
8.547;10.298;6.882;15.049
1.125;-0.467;-1.727;2.113
7.896;21.426;1.807;22.906
2.782;7.626;-6.037;10.116
3.376;7.769;-9.245;12.539
8.011;3.872;1.941;9.107
-4.860;-6.989;5.513;10.142
2.514;-6.356;-0.453;6.851
3.175;-8.502;5.111;10.415
-5.282;4.848;10.512;12.724
-5.550;12.452;-1.430;13.708
4.812;-4.288;8.252;10.471
2.341;27.756;1.625;27.902
0.148;12.472;0.744;12.495
1.125;7.798;-0.109;7.880
-3.299;9.982;6.011;12.110
13.824;21.933;13.500;29.231
5.320;5.011;1.203;7.407
4.458;7.568;2.918;9.255
-2.428;3.287;0.274;4.096
6.852;19.070;-3.604;20.582
1.441;8.133;2.592;8.657
1.671;7.252;0.092;7.443
0.905;10.508;-1.813;10.702
-0.532;9.541;0.696;9.581
2.045;8.631;1.663;9.025
0.742;9.148;1.816;9.356
2.054;8.909;3.080;9.648
2.945;6.706;4.603;8.651
3.108;6.601;6.451;9.739
2.399;8.660;4.364;9.990
1.633;10.173;3.981;11.046
2.801;4.006;2.946;5.707
5.559;6.285;2.669;8.805
2.916;8.066;-3.106;9.122
-0.263;9.694;-5.931;11.368
0.321;7.578;-5.682;9.477
3.558;6.122;1.309;7.201
5.866;-0.457;5.025;7.737
1.039;9.675;-3.010;10.186
6.929;13.056;0.313;14.784
9.649;4.619;-1.593;10.815
18.009;19.434;9.621;28.188
5.387;7.128;4.967;10.222
5.981;6.046;4.105;9.443
5.961;5.758;3.856;9.141
5.435;6.160;4.249;9.249
4.927;6.362;4.402;9.172
5.310;7.089;3.942;9.695
4.841;6.649;4.076;9.179
5.320;6.524;4.364;9.482
6.076;5.615;6.193;10.334
4.104;-3.474;6.040;8.086
6.191;-3.292;2.745;7.530
5.291;0.252;4.134;6.719
7.197;-2.851;5.743;9.639
6.900;-3.761;8.137;11.312
3.222;-2.622;7.476;8.553
2.332;-7.065;10.866;13.169
5.349;-3.905;7.074;9.690
4.563;-2.497;7.898;9.457
4.065;-4.221;8.204;10.082
3.510;-0.275;6.911;7.756
9.103;0.692;8.424;12.422
10.424;-2.938;5.503;12.148
6.268;-0.687;7.840;10.061
2.284;7.099;5.274;9.134
1.719;7.041;4.009;8.283
1.068;-0.007;-1.488;1.831
0.024;11.801;2.898;12.152
0.081;7.549;2.180;7.858
-0.321;10.288;0.476;10.304
-0.311;9.474;-0.338;9.485
0.627;10.508;-0.319;10.532
0.005;9.024;0.198;9.026
-0.781;9.800;1.778;9.990
-3.012;6.869;5.379;9.230
-3.204;6.792;4.536;8.774
-1.116;7.290;5.427;9.157
-0.714;6.678;5.360;8.592
3.347;5.864;9.564;11.707
6.718;8.871;8.616;14.073
-0.196;4.848;5.178;7.096
3.328;2.244;8.482;9.383
6.479;9.733;8.214;14.288
4.448;4.006;4.833;7.694
4.918;3.910;9.411;11.315
0.388;5.203;5.685;7.716
-1.872;7.674;3.626;8.691
-1.978;9.685;3.329;10.430
-1.882;9.599;1.740;9.935
-3.079;8.028;2.621;8.989
-1.757;10.039;5.762;11.708
0.551;6.017;4.948;7.809
-1.192;6.735;4.201;8.027
3.232;36.107;1.778;36.295
0.120;-1.558;10.981;11.092
-0.618;-0.974;9.133;9.206
-0.321;-0.735;9.526;9.559
-0.359;-0.965;9.392;9.448
-0.417;-0.955;9.717;9.773
-0.398;-0.869;9.755;9.802
-0.398;-0.792;9.257;9.300
-0.426;-0.697;9.660;9.694
-0.350;-1.041;10.129;10.188
-0.254;-1.060;9.593;9.654
-0.235;-0.907;9.861;9.905
-0.388;-1.338;9.325;9.428
-0.177;-0.630;9.506;9.529
-0.369;-0.773;9.679;9.717
-0.292;-1.329;9.717;9.812
-0.484;-0.649;10.072;10.104
0.177;-1.051;9.717;9.775
-0.570;-0.735;8.961;9.009
-0.168;-0.562;8.788;8.808
-0.139;-1.175;9.842;9.913
-0.733;-0.687;9.210;9.264
-0.474;-0.744;9.143;9.185
-0.350;-0.591;8.884;8.910
-0.426;-0.859;9.353;9.402
-0.187;-0.907;9.210;9.256
0.129;1.535;-0.520;1.626
-15.759;17.672;-0.865;23.693
-15.759;17.672;-0.865;23.693
-15.759;17.672;-0.865;23.693
4.286;2.253;3.396;5.914
-5.483;7.348;1.797;9.343
-5.234;4.159;-6.056;9.020
2.514;3.441;4.910;6.501
-1.805;1.688;1.730;3.017
0.081;0.979;-0.501;1.103
0.273;12.280;0.638;12.300
6.670;1.315;8.003;10.501
5.425;4.829;5.226;8.948
2.686;4.762;6.241;8.297
3.088;6.917;4.488;8.805
3.366;4.274;2.879;6.155
4.582;8.124;-2.522;9.662
5.042;7.051;0.907;8.716
6.086;7.664;0.265;9.790
5.531;4.877;0.993;7.440
5.234;6.218;-0.501;8.143
5.732;6.860;2.276;9.224
8.327;4.590;2.927;9.949
3.443;8.727;-0.999;9.435
2.677;5.873;-6.305;9.023
2.648;2.799;-8.383;9.226
2.207;5.088;-7.483;9.314
1.939;4.954;-7.799;9.440
2.054;8.296;-6.899;10.983
2.150;6.754;-5.826;9.175
0.876;7.846;-2.685;8.339
2.303;7.281;-5.002;9.129
1.633;8.430;-4.514;9.701
1.882;12.031;-2.599;12.451
1.211;10.585;-3.125;11.103
-3.759;17.624;-26.617;32.144
1.786;8.066;-3.269;8.885
2.198;6.840;-5.548;9.078
3.711;7.338;-5.615;9.958
4.008;6.754;-4.658;9.131
2.897;7.396;-3.690;8.758
2.552;6.898;-4.811;8.789
2.801;7.769;-3.815;9.097
2.801;8.717;-2.062;9.386
2.571;8.018;1.184;8.503
2.121;7.022;3.224;8.013
2.380;9.742;1.826;10.193
3.759;8.861;1.376;9.723
2.514;8.152;0.341;8.538
3.328;9.273;-0.243;9.855
3.366;8.919;0.696;9.558
3.404;7.367;1.242;8.210
3.184;8.861;0.638;9.437
3.500;8.717;0.734;9.423
2.064;8.143;1.203;8.486
2.763;8.497;-0.252;8.939
3.433;8.938;-0.722;9.602
2.725;8.449;-1.095;8.945
2.849;8.813;0.284;9.267
2.543;8.603;1.347;9.071
2.878;8.315;1.404;8.910
-2.648;23.868;11.604;26.671
-7.800;5.500;-1.651;9.686
-3.692;3.939;5.609;7.785
-6.804;-2.813;8.491;11.239
-5.588;1.755;6.097;8.455
-6.402;3.986;6.614;10.031
-5.320;6.850;6.921;11.096
-5.033;5.299;7.103;10.191
-3.347;6.476;8.941;11.537
-3.826;4.331;4.258;7.179
-5.033;5.662;5.398;9.302
-1.652;8.421;6.815;10.958
-2.169;5.413;6.672;8.861
-3.261;6.764;7.179;10.389
-1.528;5.164;6.423;8.382
-0.388;3.354;7.773;8.475
-3.309;9.608;2.228;10.403
3.280;7.808;7.649;11.411
-0.455;3.632;5.532;6.634
-2.198;4.791;8.309;9.840
0.800;9.062;3.684;9.815
0.235;9.378;4.565;10.433
-1.125;8.555;2.946;9.118
0.177;7.061;2.717;7.567
1.001;7.817;4.852;9.255
0.120;8.181;3.904;9.066
-3.462;17.308;-17.692;24.991
17.482;8.852;6.308;20.586
17.482;8.852;6.308;20.586
17.482;8.852;6.308;20.586
17.482;8.852;6.308;20.586
17.482;8.852;6.308;20.586
17.482;8.852;6.308;20.586
17.482;8.852;6.308;20.586
-5.722;8.526;-2.254;10.513
-5.971;5.212;-2.378;8.275
-6.689;7.214;-2.196;10.080
-3.175;9.531;4.900;11.178
-3.175;9.531;4.900;11.178
-3.175;9.531;4.900;11.178
-3.175;9.531;4.900;11.178
-3.175;9.531;4.900;11.178
-3.175;9.531;4.900;11.178
-3.175;9.531;4.900;11.178
-3.175;9.531;4.900;11.178
-3.175;9.531;4.900;11.178
-3.175;9.531;4.900;11.178
-3.175;9.531;4.900;11.178
-3.175;9.531;4.900;11.178
-3.175;9.531;4.900;11.178
-3.175;9.531;4.900;11.178
-3.175;9.531;4.900;11.178
2.495;27.316;7.639;28.473
0.215;7.875;-5.414;9.559
3.807;6.888;-3.432;8.586
6.354;3.402;2.956;7.790
5.760;7.118;0.054;9.157
4.410;7.798;0.543;8.975
4.410;7.798;0.543;8.975
4.410;7.798;0.543;8.975
4.410;7.798;0.543;8.975
4.410;7.798;0.543;8.975
4.286;8.401;1.357;9.528
5.186;7.051;-0.597;8.773
5.387;7.693;-0.262;9.395
2.820;15.220;-5.079;16.291
2.820;15.220;-5.079;16.291
2.820;15.220;-5.079;16.291
2.820;15.220;-5.079;16.291
2.820;15.220;-5.079;16.291
2.820;15.220;-5.079;16.291
2.820;15.220;-5.079;16.291
2.820;15.220;-5.079;16.291
2.820;15.220;-5.079;16.291
2.820;15.220;-5.079;16.291
2.820;15.220;-5.079;16.291
2.820;15.220;-5.079;16.291
4.420;5.078;3.396;7.540
0.148;1.161;-0.348;1.221
7.206;7.511;0.169;10.410
2.801;8.593;-0.022;9.038
9.629;4.389;1.041;10.633
6.182;6.534;0.332;9.001
4.726;8.957;1.472;10.234
10.194;6.505;1.979;12.254
5.042;5.653;5.283;9.235
12.186;9.187;3.971;15.769
10.664;-8.023;4.258;14.008
9.390;4.791;3.186;11.012
4.238;-1.444;2.764;5.261
4.391;4.599;4.756;7.941
6.019;5.816;2.573;8.756
5.808;8.871;-0.204;10.605
3.242;9.847;2.037;10.565
3.931;5.749;1.807;7.195
2.792;6.611;3.875;8.155
6.105;1.832;7.036;9.494
3.682;7.080;5.704;9.809
3.625;5.816;6.394;9.373
3.586;5.643;6.308;9.192
4.238;5.346;6.126;9.169
3.931;5.873;5.810;9.149
4.161;6.371;5.302;9.275
3.596;7.568;6.423;10.557
-0.216;0.280;-1.430;1.473
9.955;8.191;8.568;15.479
7.752;4.915;2.458;9.503
12.627;3.910;9.516;16.287
6.086;1.410;-5.328;8.211
5.894;6.946;5.312;10.545
7.034;4.686;5.953;10.338
5.205;5.394;-1.909;7.735
10.079;1.027;-1.469;10.238
10.635;6.065;3.128;12.636
12.167;-1.348;-0.425;12.249
7.542;-1.587;-2.436;8.083
8.691;-0.132;-2.350;9.004
7.906;6.275;-5.778;11.630
13.575;-0.246;-1.133;13.624
0.464;-0.601;-0.425;0.870
-7.331;12.251;2.927;14.574
0.972;4.839;5.637;7.493
9.658;4.408;-1.085;10.672
6.488;13.468;-4.610;15.644
3.586;9.101;-1.018;9.835
7.245;3.038;2.420;8.220
9.371;1.746;2.621;9.886
10.731;0.845;1.462;10.863
9.409;-2.602;0.361;9.769
10.156;-3.560;3.521;11.323
8.806;-1.760;1.874;9.173
9.380;-2.056;2.420;9.903
8.767;1.698;2.046;9.162
9.055;3.948;0.150;9.879
8.882;1.611;1.251;9.114
7.226;4.140;2.132;8.596
6.651;4.695;5.398;9.768
5.013;4.427;5.197;8.470
3.108;8.478;3.799;9.796
3.194;7.252;2.381;8.274
1.910;4.322;-3.623;5.954
5.894;10.901;-0.856;12.422
3.222;17.432;1.184;17.767
2.188;8.296;0.926;8.630
-3.692;4.791;7.179;9.388
-4.152;4.619;0.926;6.279
11.219;21.627;-10.365;26.477
0.215;25.726;3.262;25.933
15.893;13.151;2.065;20.732
-0.359;6.409;0.054;6.420
-1.097;7.942;3.588;8.783
-2.715;11.734;-1.402;12.125
4.582;5.107;-3.183;7.564
-2.169;4.389;-11.055;12.090
-3.108;20.688;-1.287;20.960
15.337;6.285;-3.719;16.987
-1.288;6.582;3.004;7.349
10.577;14.033;1.998;17.686
7.992;5.672;0.466;9.811
7.044;2.234;-2.646;7.849
6.258;5.480;8.922;12.199
12.474;-1.913;-3.911;13.212
4.218;5.260;1.998;7.033
12.991;-0.256;-5.376;14.062
7.724;6.323;-0.827;10.016
3.740;3.939;-6.535;8.497
3.376;5.682;-6.669;9.389
5.186;-1.041;-4.169;6.735
5.655;12.797;-7.512;15.880
9.438;-3.790;1.558;10.289
5.061;9.713;-6.132;12.553
8.700;6.687;0.907;11.011
3.050;25.965;6.088;26.843
2.265;6.955;-2.330;7.677
11.918;14.674;-2.072;19.018
13.374;7.645;-2.263;15.570
0.053;6.323;0.878;6.384
6.929;10.729;5.819;14.035
4.410;18.380;-0.377;18.906
1.958;6.994;-1.248;7.369
3.586;13.151;-1.449;13.709
6.230;-3.570;2.458;7.589
4.094;7.109;-5.136;9.679
5.837;8.267;-3.087;10.581
5.425;4.954;1.855;7.577
5.320;10.767;-1.871;12.154
3.558;8.679;-1.085;9.443
2.964;7.990;-2.196;8.800
3.893;11.380;-2.426;12.269
0.953;6.946;0.198;7.014
5.033;7.080;-2.579;9.061
5.100;0.012;2.266;5.581
13.767;5.816;-0.808;14.966
10.214;2.215;0.935;10.493
9.467;3.354;-0.501;10.056
6.680;4.810;0.064;8.232
-0.512;-0.572;-0.980;1.245
13.249;1.573;-1.325;13.408
4.046;38.329;5.590;38.945
-1.403;-10.273;3.387;10.908
2.102;-7.391;5.360;9.368
1.412;-8.224;4.517;9.488
1.882;-8.387;3.981;9.472
1.719;-8.444;3.665;9.364
1.537;-8.674;3.368;9.431
1.575;-8.779;3.033;9.421
1.594;-8.502;3.004;9.157
1.623;-8.368;3.444;9.193
1.997;-8.550;3.511;9.456
1.719;-8.425;3.894;9.439
1.604;-7.515;3.396;8.402
2.236;4.379;3.713;6.161
7.388;14.894;-2.599;16.828
7.350;16.206;0.045;17.795
7.417;13.889;-0.942;15.773
-1.681;-4.556;2.879;5.646
-0.120;-7.774;-1.133;7.857
1.470;-9.603;1.682;9.859
0.512;-8.971;1.864;9.177
0.780;-9.440;1.912;9.663
0.541;-9.153;2.008;9.386
0.493;-9.335;2.161;9.594
0.685;-9.172;2.151;9.446
0.685;-9.191;2.132;9.460
-4.410;36.184;12.715;38.605
3.625;7.942;5.226;10.174
2.341;7.089;5.178;9.086
2.303;7.358;5.044;9.213
2.313;7.405;5.235;9.359
1.997;7.262;5.159;9.129
2.332;7.128;5.417;9.251
2.207;6.946;5.494;9.127
1.499;7.405;5.408;9.291
1.298;7.233;4.938;8.854
1.901;7.520;6.078;9.854
0.857;7.875;5.484;9.634
3.625;8.325;3.550;9.749
3.433;9.915;-4.169;11.290
-0.618;9.101;-1.143;9.193
1.920;9.493;-0.224;9.688
0.905;8.698;0.236;8.748
0.244;10.240;-2.005;10.437
0.847;9.359;-0.319;9.403
1.661;8.631;0.533;8.806
1.451;9.177;0.236;9.294
1.374;9.148;0.303;9.256
1.393;9.120;0.667;9.250
1.374;9.148;0.658;9.274
1.441;9.101;0.658;9.237
1.259;9.139;0.571;9.243
1.470;1.248;0.351;1.960
7.341;9.014;-1.478;11.719
2.456;16.446;2.793;16.861
-4.094;9.828;1.213;10.716
-2.217;12.136;5.235;13.402
-1.125;15.191;6.155;16.429
3.491;-5.973;8.530;10.983
-0.417;8.727;5.053;10.093
-6.642;10.834;2.420;12.936
-3.711;13.563;1.481;14.140
-2.485;6.084;4.258;7.831
-2.792;6.898;5.379;9.182
-2.390;6.074;5.092;8.278
-2.217;5.356;6.049;8.378
-3.318;7.568;7.007;10.835
-1.384;6.275;8.012;10.271
-1.872;5.969;6.729;9.188
-2.571;4.935;8.137;9.858
-2.591;4.216;7.725;9.174
-2.313;4.829;5.408;7.610
-4.669;6.946;8.740;12.101
-2.715;0.271;5.915;6.514
-2.188;-5.916;9.976;11.803
-2.935;1.286;9.736;10.250
-3.318;2.521;8.932;9.856
-2.926;3.776;8.032;9.345
